name,phone,email,address
Agus Wijaya,08211000001,agus.wijaya@email.com,Jl. Melati No. 5 Pasuruan
Budi Hartono,08211000002,budi.hartono@email.com,Jl. Mawar No. 12 Pandaan
Citra Lestari,08211000003,citra.lestari@email.com,Jl. Anggrek No. 7 Bangil
Dewi Rahayu,08211000004,dewi.rahayu@email.com,Jl. Kenanga No. 3 Pasuruan
Eko Prasetyo,08211000005,eko.prasetyo@email.com,Jl. Flamboyan No. 19 Pandaan
Fitri Handayani,08211000006,fitri.handayani@email.com,Jl. Dahlia No. 8 Pasuruan
Guntur Wibowo,08211000007,guntur.wibowo@email.com,Jl. Teratai No. 22 Bangil
Hesti Purnama,08211000008,hesti.purnama@email.com,Jl. Seroja No. 11 Pasuruan
Irwan Kusuma,08211000009,irwan.kusuma@email.com,Jl. Cempaka No. 6 Pandaan
Jasmine Putri,08211000010,jasmine.putri@email.com,Jl. Tulip No. 30 Pasuruan
